{"cameraMode":{"drawMode":0,"name":"Shaded","section":"Shading Mode"},"sceneLighting":true,"audioPlay":false,"sceneViewState":{"showFog":true,"showMaterialUpdate":false,"showSkybox":true,"showFlares":true,"showImageEffects":true,"showParticleSystems":true},"in2DMode":false,"pivot":{"x":-2.742419481277466,"y":14.152322769165039,"z":-2.410033941268921},"rotation":{"x":0.4806808829307556,"y":0.4093434512615204,"z":-0.27076956629753115,"w":0.726682722568512},"size":12.700607299804688,"orthographic":false}