{"cameraMode":{"drawMode":0,"name":"Shaded","section":"Shading Mode"},"sceneLighting":true,"audioPlay":false,"sceneViewState":{"showFog":true,"showMaterialUpdate":false,"showSkybox":true,"showFlares":true,"showImageEffects":true,"showParticleSystems":true},"in2DMode":false,"pivot":{"x":0.873898983001709,"y":-1.0724774599075318,"z":4.063685417175293},"rotation":{"x":-0.07928862422704697,"y":-0.39310547709465029,"z":0.03405791521072388,"w":-0.9154693484306336},"size":33.70180130004883,"orthographic":false}